DogName, Count
BELLA,147
LUNA,111
MAX,90
BUDDY,85
DAISY,75
SADIE,72
CHARLIE,69
LUCY,66
COOPER,65
LOKI,65
BAILEY,60
WILLOW,59
MOLLY,56
JACK,55
LILY,55
MAGGIE,54
ROSIE,54
BEAR,52
DENALI,50
KODA,50
ROCKY,50
RUBY,46
BLUE,45
COCO,45
ZEUS,45
KONA,44
LOLA,44
KENAI,43
DUKE,42
NALA,42
RILEY,40
ABBY,39
MILO,39
GINGER,38
HARLEY,38
PENNY,38
SHADOW,37
SOPHIE,36
BANDIT,35
CHLOE,35
MOOSE,35
THOR,35
TOBY,33
GRACIE,31
GUS,31
OLLIE,31
PEPPER,30
SCOUT,30
ZOEY,30
LADY,29
COPPER,28
JASPER,28
LUCKY,28
MURPHY,28
PIPER,28
DEXTER,27
ROXY,27
JAKE,25
LEO,25
STELLA,25
KISKA,24
WINSTON,24
CHANCE,23
ELLIE,23
FINN,23
HONEY,23
APOLLO,22
BRUNO,22
CHEWY,22
JAX,22
LILLY,22
MARLEY,22
NOVA,22
RANGER,22
RUGER,22
TUCKER,22
ANGEL,21
EMMA,21
LOUIE,21
OAKLEY,21
SUGAR,21
BENTLEY,20
BUSTER,20
DIESEL,20
HANK,20
KING,20
LULU,20
ODIN,20
OLIVER,20
TITAN,20
ZOE,20
DIXIE,19
LUKE,19
POPPY,19
RAVEN,19
SASHA,19
TANK,19
YUKON,19
ATHENA,18
GIZMO,18
KODIAK,18
MAYA,18
PEANUT,18
PRINCESS,18
BO,17
GEORGE,17
MISKA,17
OLIVE,17
SAM,17
SMOKEY,17
DOZER,16
HUNTER,16
KINLEY,16
KOBUK,16
MIA,16
PENELOPE,16
RIVER,16
RUSTY,16
SAMMY,16
TEDDY,16
ANNIE,15
BAXTER,15
CHICO,15
KAI,15
LEXI,15
MAVERICK,15
OSCAR,15
BABY,14
BOOMER,14
DAKOTA,14
FREYA,14
IZZY,14
MILLIE,14
OREO,14
TYSON,14
ASPEN,13
BUBBA,13
GUNNER,13
HENRY,13
KATIE,13
MOCHA,13
ODIE,13
PEARL,13
PHOEBE,13
REMI,13
REX,13
ROMEO,13
ROSCOE,13
RUDY,13
SITKA,13
TAZ,13
ACE,12
FRANKIE,12
HARPER,12
HAZEL,12
JACKSON,12
KOA,12
LAYLA,12
MAXIMUS,12
ONYX,12
OTIS,12
PRINCE,12
ROCCO,12
AURORA,11
AXEL,11
BELLE,11
BLU,11
CHENA,11
CRICKET,11
ELLA,11
FINLEY,11
GOOSE,11
LEIA,11
MACY,11
MICKEY,11
MIDNIGHT,11
MINNIE,11
MISSY,11
MISTY,11
ROXIE,11
TILLY,11
WHISKEY,11
YUKI,11
ARCHIE,10
BALTO,10
BEAU,10
BENNY,10
BODHI,10
CODY,10
DESHKA,10
HARVEY,10
JUNEAU,10
JUNO,10
RIPLEY,10
RYDER,10
SAGE,10
SAMPSON,10
SANDY,10
SCOOBY,10
SUKI,10
THEO,10
TUNDRA,10
WINNIE,10
ZEKE,10
ZIGGY,10
BEN,9
BISCUIT,9
BRUCE,9
BUCK,9
CAPTAIN,9
CHASE,9
CHICA,9
CINNAMON,9
COCOA,9
DAISY MAE,9
DOLLY,9
EDDIE,9
ENZO,9
HOMER,9
IVY,9
JADE,9
JASMINE,9
LEROY,9
PHOENIX,9
PRECIOUS,9
REMINGTON,9
ROCKET,9
STAR,9
STORMY,9
WINTER,9
ZELDA,9
ANUBIS,8
ASH,8
ATLAS,8
BARLEY,8
BOO,8
CALI,8
CHAMP,8
CHEVY,8
CHIEF,8
CHINOOK,8
CHIP,8
COOKIE,8
DALLAS,8
DAX,8
DELTA,8
DIAMOND,8
DUSTY,8
ELVIS,8
GOLDIE,8
HERCULES,8
HOLLY,8
JOSIE,8
KIKI,8
KILO,8
KIRBY,8
KIWI,8
NELLIE,8
NINA,8
NUKKA,8
RASCAL,8
RED,8
ROSE,8
SCOOTER,8
SHEBA,8
SHELBY,8
SIMBA,8
STANLEY,8
SYDNEY,8
THUNDER,8
TRIGGER,8
VIOLET,8
WALTER,8
XENA,8
YETI,8
ACHILLES,7
AMBER,7
ARLO,7
ARTEMIS,7
BALOO,7
BOSS,7
BRODY,7
BROOKS,7
BROWNIE,7
CHARLEY,7
CLEMENTINE,7
COMET,7
DELILAH,7
DOBBY,7
DOUG,7
DUTCH,7
ECHO,7
FRED,7
GIGI,7
HADES,7
HANNAH,7
HEIDI,7
HOPE,7
JOJO,7
KALI,7
KARMA,7
KIMBER,7
KIRA,7
LOGAN,7
MABEL,7
MAC,7
MADDIE,7
MAJOR,7
MAUI,7
MOJO,7
NYX,7
OZZY,7
PATCHES,7
PERCY,7
ROO,7
RUFUS,7
SAMANTHA,7
SAMSON,7
SASSY,7
SCRAPPY,7
SKY,7
SPARKY,7
SPIKE,7
SWEET PEA,7
TRIXIE,7
WILLIE,7
WILSON,7
ADAK,6
ALLIE,6
ANGUS,6
ARCHER,6
ARYA,6
AUTUMN,6
BABY GIRL,6
BAUER,6
BENJI,6
BETTY,6
BONNIE,6
BOOTS,6
BRUISER,6
BRUTUS,6
CALVIN,6
CASH,6
CLOVER,6
DARCY,6
DASH,6
EMBER,6
ESKA,6
FINNEGAN,6
FLETCHER,6
FRANK,6
FREYJA,6
GRACE,6
GYPSY,6
HAILEY,6
HUDSON,6
JOEY,6
JOY,6
KAIA,6
KAYA,6
KOBE,6
LENNY,6
LEVI,6
MADISON,6
MARSHALL,6
MERLIN,6
NANOOK,6
NUKA,6
OTTO,6
PACO,6
PANDA,6
PARKER,6
PETEY,6
PILOT,6
PORTER,6
QUINN,6
RAGNAR,6
REGGIE,6
REMY,6
RIO,6
ROMAN,6
ROWDY,6
SHILOH,6
SKYE,6
SNOOPY,6
STEVE,6
STORM,6
SUNNY,6
TALLULAH,6
TIMBER,6
TINKERBELL,6
TINY,6
TUX,6
WALLY,6
WATSON,6
WILEY,6
YOGI,6
ZIVA,6
ADA,5
ALLY,5
AMELIA,5
ARIEL,5
AUGGIE,5
AVA,5
BANJO,5
BASIL,5
BEBE,5
BJORN,5
BOB,5
BOLT,5
BONES,5
BOWIE,5
BRANDY,5
BULLET,5
BUTTERCUP,5
BUZZ,5
CASEY,5
CASSIE,5
CHAOS,5
CHERRY,5
CHESTER,5
CHEWBACCA,5
CHOPPER,5
CLEO,5
CLYDE,5
COSMO,5
DIEGO,5
DIGGER,5
DOC,5
DOTTIE,5
EDDY,5
FAITH,5
FANCY,5
FERGUS,5
FOXY,5
FRITZ,5
GHOST,5
GINNY,5
GLORY,5
GRIZZLY,5
GUCCI,5
GUINNESS,5
HAPPY,5
JAVA,5
JAXSON,5
JAXX,5
JUNIOR,5
JUNIPER,5
KIANA,5
KOVU,5
KUMA,5
KYRA,5
LEXIE,5
LILA,5
LOUIS,5
LUCA,5
MADDY,5
MAISIE,5
MARTY,5
MATILDA,5
MIKEY,5
MILES,5
MIMI,5
MISHKA,5
MOCHI,5
MOKI,5
MONTE,5
MORGAN,5
MOWGLI,5
MOXIE,5
NACHO,5
NIKO,5
OBI,5
OZZIE,5
PABLO,5
PIPPIN,5
POTTER,5
QUEEN,5
RAIDER,5
RICO,5
ROGER,5
SALLY,5
SCRUFFY,5
SEBASTIAN,5
SIERRA,5
SNICKERS,5
SUMMER,5
SVEN,5
TACO,5
TEDDY BEAR,5
TESS,5
THUMPER,5
TITUS,5
TOK,5
TRAPPER,5
TUFFY,5
VADER,5
WAFFLES,5
WILLA,5
WRANGELL,5
WRIGLEY,5
XANDER,5
ADDY,4
AJAX,4
ARGOS,4
ARIES,4
ASHER,4
ASTRO,4
ATKA,4
AVALANCHE,4
AXLE,4
BEAN,4
BEAST,4
BENTLY,4
BESSIE,4
BIGGIE,4
BLOSSOM,4
BOBBY,4
BOWSER,4
BREE,4
BRISTOL,4
BUCKY,4
BUG,4
BUTTERS,4
CALLIE,4
CHARLOTTE,4
CHEWIE,4
CHICHI,4
CHILI,4
CHOP,4
CHURRO,4
CINDER,4
CLOUD,4
CODA,4
COHO,4
COWBOY,4
CUJO,4
CURLY,4
DINO,4
DOMINO,4
DUDE,4
DUTCHESS,4
DYLAN,4
EEVEE,4
ELI,4
ELLI,4
ELSA,4
ERNIE,4
FELIX,4
FLUFFY,4
FLYNN,4
GABBY,4
GAGE,4
GEORGIA,4
GRANITE,4
GROOT,4
GUNNAR,4
HANSEL,4
HATCHER,4
HAVOC,4
HEALY,4
HERSHEY,4
HICCUP,4
HUCK,4
HUCKLEBERRY,4
ISABELLA,4
JACKIE,4
JAXON,4
JAZZY,4
JEDI,4
JETHRO,4
KAISER,4
KARL,4
KATO,4
KATY,4
KAYLEE,4
KYLO,4
LANA,4
LEAH,4
LIBBY,4
LILO,4
LITTLE BEAR,4
LIZZY,4
LOU,4
LUKA,4
LYLA,4
LYRA,4
MACK,4
MAISY,4
MANGO,4
MAPLE,4
MARCO,4
MASON,4
MCKINLEY,4
MILA,4
MILEY,4
MINI,4
MISO,4
MOE,4
MURRAY,4
NANUQ,4
NASH,4
NIKE,4
NIKKI,4
NOODLE,4
OLAF,4
ORION,4
OSIRIS,4
OTTER,4
PAISLEY,4
PAPI,4
PICKLES,4
PIPPA,4
PIXEL,4
PUCK,4
QUEENIE,4
QUINCY,4
RAINA,4
REESE,4
ROSCO,4
ROVER,4
SARGE,4
SCARLETT,4
SCOTTY,4
SHERLOCK,4
SHERMAN,4
SIDNEY,4
SIMON,4
SNOW,4
SNOWBALL,4
SOCKS,4
SONNY,4
SOPHIA,4
SPENCER,4
SPIRIT,4
SPOCK,4
STITCH,4
SWEETIE,4
TANNER,4
TINK,4
TITO,4
TONKA,4
TOOTSIE,4
TROOPER,4
TURBO,4
TY,4
WAYLON,4
WHISPER,4
WIGGLES,4
YODA,4
ZORA,4
ZUKO,4
AUGUST,3
JUNE,3
ABE,3
ABIGAIL,3
ADDIE,3
AIKO,3
ALEX,3
ALICE,3
ALYESKA,3
ANDY,3
ANNA,3
ANYA,3
APPA,3
ARIA,3
ARTHUR,3
BAKER,3
BAM BAM,3
BARKLEY,3
BARNEY,3
BARRETT,3
BEAUREGARD,3
BELL,3
BENELLI,3
BENJAMIN,3
BENSON,3
BIGGS,3
BINGO,3
BLAZE,3
BLEU,3
BLITZ,3
BODE,3
BONITA,3
BOONE,3
BOSCO,3
BRADY,3
BROOK,3
BRUCE WAYNE,3
BRYN,3
BUD,3
BUDDHA,3
BUFFY,3
BUGSY,3
BUNNY,3
BURT,3
BUSTER BROWN,3
BUTTONS,3
BYRON,3
CAESAR,3
CARA,3
CARL,3
CARSON,3
CEDAR,3
CHACO,3
CHANDLER,3
CHARLIE BROWN,3
CLOE,3
COAL,3
CONNOR,3
CORA,3
CRYSTAL,3
CYRUS,3
DAHLIA,3
DAPHNE,3
DAWSON,3
DELLA,3
DEWEY,3
DHARMA,3
DILLON,3
DJ,3
DJANGO,3
DORY,3
DOUGLAS,3
DRACO,3
DRAKE,3
DUBLIN,3
DUCHESS,3
DUNCAN,3
EDWARD,3
ELEANOR,3
ELSIE,3
EMMETT,3
FIONA,3
FITZ,3
FLOYD,3
FOZZIE,3
FREDDIE,3
FRODO,3
GAIA,3
GALENA,3
GAMBIT,3
GAUGE,3
GEMMA,3
GEORGIE,3
GIBBS,3
GRADY,3
GRAVY,3
GRETA,3
GUNNY,3
HALLEY,3
HALO,3
HARLOW,3
HAYLEE,3
HONDO,3
HOPPER,3
HOWIE,3
HUGO,3
HURLEY,3
INDIE,3
INDIGO,3
IRIS,3
ISABELLE,3
ISIS,3
JADA,3
JAEGER,3
JAGER,3
JAZMIN,3
JENNY,3
JESSE,3
JESSIE,3
JEWEL,3
JIMMY,3
JINX,3
JJ,3
JUDY,3
KAHLUA,3
KAIYA,3
KANE,3
KANGA,3
KASPER,3
KATE,3
KAYLA,3
KC,3
KELLY,3
KENZIE,3
KETA,3
KEVIN,3
KHAN,3
KIARA,3
KIERA,3
KIKO,3
KIMURA,3
KINGSTON,3
KITA,3
KNIGHT,3
KOJI,3
KOKO,3
KOTA,3
LACEY,3
LACY,3
LADYBUG,3
LAILA,3
LARRY,3
LEMMY,3
LENA,3
LINCOLN,3
LOBO,3
LOVE,3
LUCAS,3
LUMEN,3
LUMI,3
LUPIN,3
MANDO,3
MARY,3
MAXX,3
MAZIE,3
MAZY,3
MEEKO,3
MERCY,3
MERIDA,3
MINDY,3
MISTER,3
MOMO,3
MONTY,3
MUFFIN,3
MYAH,3
MYSTIQUE,3
NEO,3
NICO,3
NINJA,3
NINO,3
NOBLE,3
OLLY,3
OPAL,3
OPIE,3
ORCA,3
PANCHO,3
PANTHER,3
PARIS,3
PATCH,3
PATRICK,3
PATTY,3
PAXSON,3
PEBBLES,3
PEGGY,3
PEPITO,3
PEPSI,3
PIKA,3
PIPPI,3
PIXIE,3
POLARIS,3
RAMBO,3
RAYNE,3
REBEL,3
REINA,3
RIZZO,3
ROCKO,3
ROGUE,3
ROLLY,3
ROSEY,3
ROYAL,3
RUE,3
RUPERT,3
RYKER,3
SABER,3
SABLE,3
SAVAGE,3
SCARLET,3
SCULLY,3
SEAMUS,3
SHASTA,3
SHELDON,3
SHORTY,3
SKADI,3
SKIPPER,3
SKIPPY,3
SKYLAR,3
SLINKY,3
SNIPER,3
SOFIE,3
SOLO,3
SOX,3
SPICE,3
SPROCKET,3
SPUD,3
SQUIRREL,3
SQUIRT,3
STAN,3
STEVIE,3
STOUT,3
STRYKER,3
SULLY,3
SUMMIT,3
SUNNI,3
SUNSHINE,3
SUSIE,3
SUZIE,3
SUZIE Q,3
SYLVIE,3
TARA,3
TASHA,3
TED,3
TESSA,3
TEX,3
THOMAS,3
TIGER,3
TIKA,3
TIPPY,3
TORI,3
TUGBOAT,3
VANILLA,3
VEGA,3
VEGAS,3
WICKET,3
WINCHESTER,3
WOODY,3
WRANGLER,3
YOSHI,3
ZARA,3
ZERO,3
ZIGGIE,3
ZULU,3
FRIDAY,2
MAY,2
JUN,2
ABBEY,2
ABEL,2
ADONIS,2
AIALIK,2
AKIRA,2
ALASKA,2
ALBERT,2
ALEXIS,2
ALFALFA,2
ALFRED,2
ALI,2
ALIBI,2
ALLEY,2
ALLI,2
ALLIYAH,2
ALPHA,2
ANGIE,2
ANNABELLE,2
ANON,2
AOIFE,2
ARES,2
ATILLA,2
ATTICUS,2
ATTU,2
AUDREY,2
AUGUSTUS,2
AZUL,2
BADGER,2
BALDUR,2
BALOU,2
BAMBAM,2
BARON,2
BART,2
BAS,2
BEA,2
BEANS,2
BECKY,2
BELLA ROSE,2
BELLATRIX,2
BERETTA,2
BERNARD,2
BERNIE,2
BETSY,2
BILLY,2
BINX,2
BIRDIE,2
BISHOP,2
BLACKY,2
BLITZEN,2
BLIZZARD,2
BLONDIE,2
BLUEBERRY,2
BOCEPHUS,2
BOGART,2
BOMBER,2
BOOGIE,2
BOREALIS,2
BORIS,2
BOSLEY,2
BOSSY,2
BOULDER,2
BOWZER,2
BOY,2
BRANDI,2
BRENIN,2
BREWSKY,2
BRIAN,2
BRIDGETTE,2
BRIO,2
BRIXTON,2
BRODIE,2
BRONCO,2
BRONSON,2
BRONX,2
BRU,2
BUBBLES,2
BUCKLEY,2
BUGS,2
BUOY,2
C.B.,2
CAL,2
CALICO,2
CALISTA,2
CANDY,2
CANELA,2
CANELO,2
CAPONE,2
CARLOS,2
CARMEL,2
CASPER,2
CASS,2
CECE,2
CELLO,2
CEZAR,2
CHAI,2
CHARLES,2
CHEDDAR,2
CHEETAH,2
CHI CHI,2
CHIBI,2
CHINO,2
CHIQUITA,2
CHOCO,2
CHORIZO,2
CHUBBS,2
CHUNK,2
CLARK,2
CLAY,2
COLBY,2
COLT,2
CORWIN,2
COU,2
COVIE,2
CRASH,2
CRUISER,2
CUDDLES,2
CUPCAKE,2
DAGGER,2
DAMU,2
DANNY,2
DARBY,2
DEISEL,2
DEJA,2
DENAHI,2
DENVER,2
DETROIT,2
DEUCE,2
DIPPER,2
DIVA,2
DIXON,2
DODGE,2
DODGER,2
DOLA,2
DOOBIE,2
DORA,2
DORI,2
DRAKO,2
DUCK,2
DUCKY,2
DUDLEY,2
DUMPLING,2
DYNASTY,2
EINSTEIN,2
ELBERT,2
ELIAS,2
ELLE,2
ELLIE MAE,2
ELLIE MAY,2
EMILY,2
EVEE,2
FALKOR,2
FERMI,2
FERN,2
FIDO,2
FLASH,2
FLOKI,2
FLOWER,2
FORREST,2
FRANKLIN,2
FRECKLES,2
FREDDY,2
FRIDA,2
GABE,2
GABRIEL,2
GERTIE,2
GERTRUDE,2
GIDGET,2
GINO,2
GIOVANNI,2
GIRAFFAEL,2
GLACIER,2
GOKU,2
GORDO,2
GORMON,2
GOUDA,2
GRETCHEN,2
GRIFFIN,2
GRIZ,2
GRIZZ,2
GRIZZLEY,2
GROVER,2
GUAPO,2
GUIDO,2
GUINESS,2
GUNTER,2
GUNTHER,2
GURL,2
GUSTAVO,2
HAMMER,2
HAN SOLO,2
HANNA,2
HANS,2
HARLEY QUINN,2
HARRY,2
HAYDUKE,2
HAZARD,2
HECTOR,2
HENDRIX,2
HERA,2
HERMES,2
HERMIONE,2
HILTI,2
HULK,2
HUNNY,2
IKAIKA,2
IKE,2
INDIAN,2
INDIANA,2
INDIANA JONES,2
INDY,2
ISABEL,2
ITSY,2
IVAN,2
J,2
JACKO,2
JADEN,2
JAGGER,2
JANE,2
JAY,2
JAZZ,2
JEFF,2
JELLY,2
JERSEY,2
JETT,2
JEWELS,2
JILL,2
JOANIE,2
JOE,2
JOKER,2
JOLLY ROGERS,2
JONES,2
JORDY,2
JOSE,2
JUDE,2
JUDGE,2
JUJU,2
JULIA,2
JULIE,2
JULIET,2
JUPITER,2
KAI BEAR,2
KAISIE,2
KAIZER,2
KALA,2
KALEA,2
KARLY,2
KATANA,2
KATI,2
KAVA,2
KAVIK,2
KEEDA,2
KELSEY,2
KENJI,2
KERMIT,2
KHALEESI,2
KIA,2
KIBA,2
KILLIAN,2
KING KILO,2
KINSLEY,2
KIP,2
KITTY,2
KLEIO,2
KLONDIKE,2
KOBA,2
KODAK,2
KODI,2
KODTA,2
KODY,2
KOGA,2
KOOPER,2
KORBIN,2
KORRA,2
KRATOS,2
KUSH,2
KY,2
KYLIE,2
LADY BELLA,2
LAIKA,2
LAKEN,2
LALA,2
LARA,2
LASSIE,2
LEELA,2
LEGEND,2
LEILA,2
LEWIS,2
LIAM,2
LIBERTY,2
LIEUTENANT,2
LILITH,2
LINUS,2
LITTLE,2
LIZZIE,2
LOKIE,2
LORETTA,2
LOUI,2
LOUISE,2
LUCCA,2
LUDO,2
LUPINE,2
LUTHER,2
LYRIC,2
MACI,2
MACKENZIE,2
MAE,2
MAGGIE MAE,2
MAGGIE MAY,2
MAGPIE,2
MAHINA,2
MAKAI,2
MALACHI,2
MAMA,2
MANDY,2
MARIE,2
MARLEE,2
MARSHMELLOW,2
MARTIN,2
MARTINI,2
MARY JANE,2
MATEO,2
MAVRICK,2
MAXIE,2
MAXWELL,2
MEADOW,2
MEI MEI,2
MEKA,2
MELANIE,2
MEMPHIS,2
MERCEDES,2
MERCURY,2
MERLE,2
MICAH,2
MICK,2
MIKA,2
MIKO,2
MILAH,2
MINER,2
MIRA,2
MISFIT,2
MISHA,2
MIYA,2
MJ,2
MOLLIE,2
MONA,2
MONKEY,2
MOO,2
MORTY,2
MOSES,2
MOUSE,2
MOZZY,2
MUFASA,2
NADIA,2
NANA,2
NATCHIQ,2
NATE,2
NEKO,2
NELCHINA,2
NELLY,2
NEWTON,2
NICHOLAS,2
NICK,2
NICKI,2
NICKY,2
NIKA,2
NIKI,2
NIKISKI,2
NIKITA,2
NITRO,2
NOAH,2
NOELLE,2
NOLLIE,2
NOODLES,2
NORA,2
NORMAN,2
NUGGET,2
NUNA,2
NYLA,2
OBIE,2
OD,2
ODEN,2
ODIEFUR,2
OH-WEE,2
OLIVIA,2
OLY,2
OONA,2
OPHELIA,2
OPPE,2
ORVIS,2
OSHIE,2
OSITO,2
OSO,2
OWEN,2
OZ,2
PADDY,2
PADFOOT,2
PADME,2
PALMER,2
PANCAKE,2
PANDORA,2
PATRIOT,2
PAXON,2
PEACHES,2
PEEWEE,2
PELE,2
PETE,2
PETER,2
PETER PARKER,2
PETRA,2
PETUNIA,2
PEYTON,2
PHEONIX,2
PICARD,2
PICKLE,2
PICO,2
PIPPEN,2
PLUTO,2
POE,2
POLAR,2
POLLY,2
PONCHO,2
POOCHIE,2
POSEIDON,2
PRESLEY,2
PRETTY,2
PRIM,2
PRISCILLA,2
PRISSY,2
PRUDHOE,2
PUA,2
PUMA,2
PUMPKIN,2
PUNKIN,2
PUPPERS,2
RALPHIE,2
RAMEY,2
RAMONA,2
RAMSEY,2
RATCHET,2
REAGAN,2
REESEE,2
RELOAD,2
REMMY,2
REY,2
RHUBARB,2
RICA,2
RICKY,2
RIDDICK,2
RIKER,2
RIKKU,2
RINGO,2
RIOT,2
RJ,2
ROBBIE,2
ROBY,2
ROLO,2
RON,2
RONIN,2
ROSEBUD,2
ROUX,2
ROXANNE,2
ROY,2
RU,2
RUBI,2
RUCA,2
RUGBY,2
RUGGER,2
RUKA,2
RYLEE,2
SABRE,2
SABRINA,2
SAILOR,2
SALCHA,2
SALEM,2
SAMARA,2
SAMMIE,2
SANDIE,2
SARAH,2
SARAI,2
SATIVA,2
SAYA,2
SCAMP,2
SCHATZI,2
SEAMORE,2
SENNA,2
SERGEANT,2
SHAKA,2
SHAKESPEARE,2
SHAMUS,2
SHEILA,2
SHILO,2
SHY,2
SHYLA,2
SILVER,2
SIRACHA,2
SISSY,2
SITOO,2
SIX,2
SMOKE,2
SNAUSAGE,2
SNICKERDOODL,2
SNOOP,2
SNOWFLAKE,2
SNOWY,2
SOFIA,2
SONNE,2
SOOKIE,2
SPANKY,2
SPARTICUS,2
SPRINKLES,2
STARK,2
STARSKY,2
STERLING,2
STETSON,2
STORMI,2
STRETCH,2
SUE,2
SUKA,2
SUNDANCE,2
TAIGA,2
TALACHULITNA,2
TANNY,2
TANZA,2
TATER TOT,2
TAZALINA,2
TAZLINA,2
TAZZ,2
TBONE,2
TEINE,2
TESLA,2
TESSI,2
THE DUDE,2
THORIN,2
TIA,2
TIGGER,2
TIKAANI,2
TIKKA,2
TIMMY,2
TINA,2
TOBIAS,2
TOGO,2
TOKI,2
TOLKIEN,2
TOMMY,2
TONY,2
TOODLES,2
TOPO,2
TOVA,2
TOY,2
TRACKER,2
T-REX,2
TRISTAN,2
TROUBLE,2
TROUT,2
TRUDY,2
TRUE,2
TRUULI,2
TUBBY,2
TUCK,2
TUG,2
TULA,2
TULIP,2
TULLY,2
UMA,2
VADA,2
VALERIE,2
VALOR,2
VENTRESS,2
VENUS,2
VERA,2
VINNY,2
WACO,2
WEATHERBY,2
WEBBY,2
WEGO,2
WHITE BOY,2
WHITE SPOT,2
WIDGET,2
WILL,2
WILLY,2
WILMA,2
WINSLOW,2
WREN,2
YAMI,2
YUMI,2
YURI,2
ZACK,2
ZEEK,2
ZENA,2
ZEPPELIN,2
ZEVA,2
ZIA,2
ZION,2
ZOLA,2
ZORO,2
MAR,1
SUNDAY,1
WEDNESDAY,1
6PK WYATT LEE,1
A.J.,1
AASA,1
AASHA,1
ABBER,1
ABBEY NORMAL,1
ABBI,1
ABBIE,1
ABERLOUR,1
ABRAMS,1
ABTSIS,1
ADAKIN,1
ADDI,1
ADDIE MAE,1
ADELE,1
ADGER,1
ADIK,1
ADIRA,1
ADRIAN,1
AENGUS,1
AEON,1
AERO,1
AESIR,1
AESOP,1
AGNES,1
AHSOKA,1
AIDEN,1
AIDEN CHEWIE,1
AJAXX,1
AKAME,1
AKEELA,1
AKI,1
AKKO,1
AKSEL,1
AKUMA,1
AL,1
ALAKANUK,1
ALAN,1
ALBUS,1
ALCHEMIST,1
ALDER,1
ALEISTER CROWLEY,1
ALEUTIAN,1
ALEXA,1
ALEXANDER,1
ALEYSKA,1
ALF,1
ALFREDO,1
A-LIEN,1
ALIKADE,1
ALINAFREYA,1
ALITA,1
ALIX,1
ALIZA,1
ALLYE,1
ALLYSON,1
ALMOND ROCA,1
ALPINE,1
ALTA,1
ALTAI,1
ALVIN,1
ALYE,1
ALYKADE,1
AMADIA,1
AMAK,1
AMARI,1
AMAZON,1
AMELIA GREEN,1
AMIAH,1
AMIE,1
AMINA,1
AMOOK,1
AMOR,1
AMOS,1
AMY,1
ANA,1
ANAKIN,1
ANASTASIA,1
ANCHOR,1
ANDROMEDA,1
ANDY KODA,1
ANGEL BABY,1
ANGUA,1
ANIAK,1
ANIE,1
ANIIPAK,1
ANITA,1
ANKE,1
ANNUI,1
ANOVA,1
ANOWIK,1
ANSCHUTZ,1
ANTHONY CRIT,1
ANTON,1
ANTONIO,1
ANZE,1
APPOLLO,1
AQWLA,1
ARA,1
ARCEE,1
ARCHIBALD,1
ARCHIE E.,1
ARCHIE HENRY,1
ARCO,1
ARCTIC,1
ARDBEG,1
ARF,1
ARGO,1
ARGUS,1
ARI,1
ARIS,1
ARKENSTONE,1
ARLINGTON,1
ARLO LOERA,1
ARMOND,1
ARNIE,1
ARROW,1
ARTIMAS,1
ARUN,1
ARVID,1
ARWEN,1
ARWIN,1
ARYA BARK,1
ASA,1
ASERA,1
ASHA,1
ASHE,1
ASIA,1
ASIAY,1
ASPYN,1
ASTA,1
ASTAIRE,1
ASTEROID,1
ASTON,1
ASTRID,1
ASTRID VON,1
ASUNA,1
ASURA,1
ATHENA ROBAR,1
ATOS,1
ATRAYU,1
AUBIE,1
AUBREY,1
AUBY,1
AUDI,1
AUDI MURPHEY,1
AUDIE,1
AUNE,1
AURORA BOREALIS,1
AUSTIN,1
AUTUMN MARIE,1
AUXEN,1
AUZZIE,1
AVALAR,1
AVERY,1
AVIANO,1
AVU,1
AXE,1
AXL,1
AXLE ROSE,1
AXSEL,1
AYIANA,1
AYLA,1
AYMERIC,1
AZA,1
AZARIA,1
AZURA,1
BABALU,1
BABE,1
BABEE,1
BABU,1
BABY DOG,1
BACCO,1
BADER,1
BAGHEERA,1
BAHITI,1
BAILA,1
BAILEY RAE,1
BAILY,1
BAIZLEY,1
BALLI,1
BALU,1
BAMBI,1
BANDAL,1
BANE,1
BANKS,1
BANNER,1
BANX,1
BARA,1
BARB,1
BARCLAY,1
BARLI,1
BARREL,1
BARROW,1
BARRY,1
BARTLETT,1
BASHER,1
BASKER,1
BATHSHEBA,1
BATMAN,1
BATMANN,1
BAXTER BOO,1
BAYAN,1
BAYLA,1
BAYLEE,1
BAYLEE MAE,1
BAYLENE,1
BAYLOR,1
BAYMAX,1
BEASTIE,1
BEAU MAVERICK,1
BEAULO,1
BEAUTEE,1
BEAUTI,1
BEAUX,1
BEAVER,1
BEBA,1
BECA,1
BEE,1
BEEBEE,1
BEEBOP,1
BEEFCAKE,1
BEEFSTEAK,1
BEEFY,1
BEEMER,1
BEETHOVEN,1
BELKA,1
BELL A DONNA,1
BELLA BOO,1
BELLA MARIE,1
BELLA MCKAY,1
BELLA RAY,1
BELLA STAR,1
BELLADONNA,1
BELLAMY,1
BELLY,1
BELUGA,1
BEN MICHAEL,1
BENDER,1
BENGAL,1
BENJI BURON,1
BENNGIE,1
BENNIE,1
BENZZOE,1
BEORN,1
"BEOWULF ""BOOMER""",1
BEPSI,1
BERA,1
BEREN,1
BERGER,1
BERKELEY,1
BERN DISBROW,1
BERNARDO,1
BERNOULLI,1
BERTIE,1
BERTUZZI,1
BERUBE,1
BESO,1
BESSA,1
BETTY BOOP,1
BETTY RIZZO,1
BEYLA,1
BG,1
BIBI,1
BIDEN,1
BIESEN,1
BIG BOI,1
BIG BOY,1
BIG JAKE,1
BIGGIE SMALLS,1
BIGGSISTER,1
BIGGY,1
BIGS,1
BIJOU,1
BIKO,1
BILL,1
BILLIE,1
BILLIE HOLIDAY,1
BILLY BOO,1
BINDI,1
BING CROSBY BOSS,1
BINKY,1
BIRCH,1
BIRD,1
BIRKE,1
BIRKLEY,1
BISKET,1
BISOUS,1
BITSY,1
BITZER,1
BJÖRN,1
BLACK BEAR,1
BLACKBURN,1
BLACKIE,1
BLACKJACK,1
BLAKE,1
BLANCA,1
BLISS,1
BLITZ KRIEG,1
BLITZKREIG,1
BLIX,1
BLIZZ,1
BLUE BEAR,1
BLUE COLLINS,1
BLUE MAUI,1
BLUEGRASS,1
BLUU,1
BNGID,1
BOAZ,1
BOBA,1
BOBBER,1
BOBBKAT,1
BOBO,1
BOCAL,1
BODACIOUS,1
BODAK,1
BODEY,1
BODOLF,1
BOGEY,1
BOJANGLES,1
BON,1
BONDZ,1
BONNY,1
BONZAI,1
BOO BEAR,1
BOO BOO,1
BOOBEAR,1
BOOBOO,1
BOOMER PIE,1
BOOT,1
BOO-YAH,1
BOOZER,1
BORA,1
BOS,1
BOSA,1
BOSCOE,1
BOSS PEREZ,1
BOUNCE,1
BOUNCER,1
BOUNDER,1
BOURBON,1
BOUY,1
BOW,1
BOWEN,1
BOWER,1
BOWMORE,1
BOZEMAN,1
BRADLEY,1
BRAIN,1
BRAN,1
BRANDEE,1
BRANDILYNN,1
BRANDON,1
BRANSON,1
BRANZE,1
BRASI,1
BRAUM,1
BRAVE,1
BRAVO,1
BRAWNSON,1
BRECK,1
BREEZY,1
BREWSKI,1
BREWSTER,1
BREYLA,1
BRIA,1
BRIAR PIPER,1
BRIDA,1
BRIDGET,1
BRIEUX,1
BRIIZY,1
BRINDI,1
BRINDLE,1
BRIQUEANNA,1
BRISKET,1
BRITCHES,1
BRITTLE,1
BRIXSON,1
BRIZBANE,1
BRJORN,1
BRO,1
BRODDI,1
BROLY,1
BRONIUS,1
BROOKE,1
BROOKLYN,1
BROSEF,1
BROWNEE,1
BRUDIS,1
BRYCE,1
BRYXX,1
BUBBAH,1
BUBBLEZ,1
BUBELE,1
BUBU,1
BUC,1
BUCKEY,1
BUCKWHEAT,1
BUDD,1
BUDDAH,1
BUDDY RUFF,1
BUGATTI,1
BUGSBY,1
BUGZY,1
BULLITT,1
BULLSEYE,1
BULLY,1
BULMA,1
BUMBOY,1
BUMPYJOHNSON,1
BUNJEE,1
BUNZ,1
BURNER,1
BURRITO,1
BUR-SHE,1
BURTON,1
BUSHIDO,1
BUSTA,1
BUSY,1
BUTCH,1
BUTCH LARSON,1
BUTCHER,1
BUTTER,1
BUTTERBALL,1
BUTTERSCOTCH,1
BUXTON,1
CAB,1
CABO,1
CABOOSE,1
CACY JONES,1
CADBURRY,1
CADEN,1
CAHYA,1
CAICOS,1
CAILOU,1
CAIRO HERCULE,1
CAITE BEL,1
CALAIS,1
CALAMITY,1
CALAMITY JANE,1
CALEB,1
CALIBRRR,1
CALIGATA,1
CALLAHAN,1
CALLI,1
CALLIOPE,1
CALLIOPE JAN,1
CAM,1
CAMBO,1
CAMERON,1
CAMILLA,1
CAMINO,1
CAMMI,1
CAMPBELL,1
CAMPER,1
CAMY,1
CANELLA,1
CANOE,1
CAP,1
CAPTAIN REX,1
CARAMEL,1
CARDI,1
CARINA,1
CARLEY,1
CARLIE,1
CARLY,1
CARMAN,1
CARMELA,1
CARMELLO,1
CARMINE,1
CAROLINA,1
CARRIE,1
CASCADE,1
CASSEY,1
CASSY,1
CASTIEL,1
CASTLE,1
CASTOR,1
CASWELL,1
CAT,1
CATHERINE,1
CATORI,1
CC,1
CECIL,1
CECILIA,1
CEECEE,1
CEILIDH,1
CENTAURI,1
CERBERUS,1
CESAR,1
CET,1
CHACEE,1
CHACHO,1
CHAD,1
CHAMA,1
CHAMOIS,1
CHANNEL,1
CHANTEL,1
CHAPO,1
CHARCOAL,1
CHARLAMAGNE,1
CHARLES HAPPINGTON III,1
CHARLES XAVIER,1
CHARLI B,1
CHARLIE #2,1
CHARLOTT,1
CHARLY,1
CHASSE,1
CHAVELA,1
CHAYA,1
CHECHE,1
CHECKO,1
CHEEBA,1
CHEECHA,1
CHEEKY,1
CHEENA,1
CHEETO,1
CHEEZIT,1
CHELLY,1
CHELMSFORD,1
CHEMO,1
CHEQUITA,1
CHER,1
CHESTY,1
CHEW ROW,1
CHEWAWA,1
CHEWBACA,1
CHEWBELLA,1
CHEWEY,1
CHEWI,1
CHEWIE LORD CHEWBACCA WOOKIE,1
CHEYENNE,1
CHEYENNE 2,1
CHI,1
CHICAGO,1
CHICK,1
CHICKADEE,1
CHICKEN,1
CHICOLA,1
CHICORY,1
CHIDI,1
CHIGNIK,1
CHILE,1
CHILKAT,1
CHILL,1
CHILLI,1
CHIMERA,1
CHING,1
CHINGIZ,1
CHIO,1
CHIPPER,1
CHIQUI,1
CHISPA,1
CHITNA,1
CHITU,1
CHLOE SUE,1
CHOCO BEAR,1
CHOCOLATE,1
CHOMPER,1
CHONK,1
CHRISTMAS,1
CHRLOTTE,1
CHRONOS,1
CHUB CHUBS,1
CHUBBERS,1
CHUBBY WU,1
CHUCK,1
CHUCK NORRIS,1
CHUCKY,1
CHUE,1
CHUG,1
CHUGACH,1
CHUKCHI,1
CHUKKY,1
CHULA,1
CHUMS,1
CHURCHILL,1
CHUVAK,1
CHUY,1
CIARA,1
CICI,1
CIDER,1
CIGAN,1
CINDERELLA,1
CINDERS,1
CIRCE,1
CIRI,1
CISA,1
CISCO,1
CLAIRE,1
CLAPTON,1
CLEMENCY,1
CLETUS,1
CLIATON,1
CLIFF,1
CLIO,1
CLOEY,1
CLORY,1
COACH,1
COALIE,1
COBALT,1
COCO CHANEL,1
COCOA C,1
COCOA PUFF,1
COFFEE,1
COLA,1
COLBIE,1
COLBY LYNNE,1
COLE,1
COLE PORTER,1
COLEY BEAR,1
COLLIE,1
COLLIN,1
COOKIE DOUGH,1
COOKIE LEE,1
COOL HAND BLUE,1
COORS,1
COOSA,1
COPA,1
COPILOT,1
COQUI,1
CORBIN HART,1
CORBY,1
CORD,1
CORDELIA,1
CORDUROY,1
CORKY,1
CORONA,1
CORONA MARIE,1
CORPORAL,1
CORTANA,1
COSMA,1
COSMOS,1
COTTON,1
COUVERDEN,1
COVE,1
COVEY,1
COYOTE,1
COZMO,1
COZY,1
CRICKETT,1
CRISSY,1
CROSBY,1
CROUTON,1
CROW,1
CROWLEY,1
CROWLY,1
CRUISE,1
CRUIZER,1
CRUZ,1
CRUZER,1
CRUZIER,1
CUBBIE,1
CUBBIE BLUM,1
CUBBY,1
CUDDY,1
CUERVO,1
CUMMINS,1
CUPID,1
CURRIE,1
CURRY,1
CUTIE PIE,1
DABS,1
DAFFODIL,1
DAGMAR,1
DAGWOOD,1
DAISEY,1
DAISEY MAE,1
DAISUKE,1
DAISY BEAN,1
DAISY PEARL,1
DAIZY D,1
DAJAK,1
DAK,1
DALAI,1
DALEK,1
DALIAH,1
DALLIA,1
DALLIE,1
DAN,1
DANGER,1
DANGLE,1
DANI,1
DANNIE,1
DAR DAR,1
DARCIE,1
DARLA,1
DARMANI,1
DARWIN,1
DASEY MAY,1
DASHA,1
DASKO,1
DATSY,1
DAVE,1
DAYTON,1
DAZEE,1
DAZIE,1
DEAGLAN,1
DEBO,1
DECCA,1
DECKER,1
DECLAN,1
DEEDEE,1
DEEFA,1
DEETO,1
DEHAVILLAND,1
DEIGO,1
DEJA VU,1
DEKE,1
DEKU,1
DELKO,1
DELTA JO,1
DEMON,1
DENEKI,1
DENNY,1
DEOGE,1
DEOSA,1
DEPUTY,1
DERBY,1
DESIEL,1
DESNA,1
DESSA,1
DEVO,1
DEW,1
DEWBEE,1
DEXY,1
DEZ,1
DIANE,1
DICE,1
DIEGO JR,1
DILIELAH,1
DILIYLA,1
DILLIE,1
DILLNGER,1
DING,1
DINGO,1
DINKUM,1
DIONES,1
DIPSY,1
DIRK,1
DIXIE CUP,1
DIZE,1
DIZZY,1
DOBBIE,1
DOBY,1
DOG,1
DOGGER,1
DOGGIE,1
DOJHA,1
DOLCE,1
DOLCHE,1
DOLLAR,1
DOLLARS,1
DOM,1
DOMINA,1
DOMINGO,1
DOMINIC,1
DONISIO,1
DONOVAN,1
DOOBS,1
DOODLE,1
DOOFY,1
DOOLEY,1
DOOLIE,1
DOOLIN,1
DOOM,1
DOOMSDAY,1
DOPEY,1
DOT,1
DOTTY,1
DOUGAL,1
DOW,1
DOZZER,1
DR BONES,1
DRAC,1
DRAGON,1
DRAX,1
DRESDEN,1
DRIFT,1
DRIFTER,1
DRUZY,1
DUALLY BLU,1
DUCT TAPE,1
DUECE,1
DUFF,1
DUFFEE,1
DUFFY,1
DUGAS,1
DUKE SKYWALKER,1
DUKIE,1
DUKKATI,1
DUMBO,1
DUNCAN JR,1
DUSTEE,1
DUTCHY,1
DUZZY,1
DWIGHT,1
DYANI,1
DYLLON,1
DYNA,1
DYNASTIE,1
EARNIE,1
EASTON,1
EASY,1
EBBA,1
EBERT,1
EBIL,1
EBONY,1
ECKO,1
ECLIPSE,1
EDEN,1
EDGAR,1
EDISON,1
EDO,1
EGGS AND TOAST (ET),1
EIN,1
EISLEY,1
EKKO,1
EKO,1
EL CHAPO,1
EL GUAPO,1
ELANA,1
ELBE,1
ELBI,1
ELDO,1
ELE,1
ELGIN,1
ELIJAH,1
ELIOT,1
ELIZABETH,1
ELLA BELLA,1
ELLIE SJOFN,1
ELLIOT,1
ELLY,1
ELMO,1
ELOISE,1
ELWAY,1
ELWOOD BLUES,1
EMELIO,1
EMERY,1
EMILIA,1
EMILIO,1
EMMA EMILY,1
EMMIT,1
EMMITT,1
EMMY,1
ENUBIS,1
ENUJ,1
ENVY,1
ENZY,1
EPIE,1
ERIS,1
ERITEA,1
ERMO,1
ERROL,1
ESCOBAR,1
ESME,1
ESTELLA,1
ESTHER,1
ETHEL,1
EUREKA,1
EVA,1
EVE,1
EVEREST,1
EXOUSIA,1
EYJAFJALLA,1
FAITH ROSE,1
FALCO,1
FALCON,1
FALCOR,1
FALLOTE,1
FANG,1
FANGSIE,1
FANNY,1
FARAH,1
FARVA,1
FATBOY,1
FAUSTINO,1
FEENA,1
FELIPE,1
FELLA,1
FEN,1
FENDER,1
FENNEC,1
FENSON,1
FENWAY,1
FERDINAND,1
FERNANDO,1
FETCH,1
FEZZIK,1
FIDGET,1
FIFI,1
FIGGY,1
FIJORD,1
FILE,1
FINCH,1
FINCHY,1
FINLAY,1
FINN BOY,1
FINNICK,1
FINNIGAN,1
FIRN,1
FISHBONES,1
FISHER,1
FIXIE,1
FIYERO,1
FJORD,1
FLAPJACKS,1
FLEIDA,1
FLEKK,1
FLEURY,1
FLEX,1
FLIP,1
FLORA,1
FLOSSIE,1
FLUFFY BLAZE,1
FOOKI,1
FORD,1
FOREST,1
FORSETI,1
FOSBURY LOVR,1
FOSSIL,1
FOZZY,1
FRAGO,1
FRAIRA,1
FRANCIS,1
FRANCO,1
FRANKEE,1
FRANKENSTEIN,1
FRANKY,1
FREDY,1
FREEWAY,1
FREIA,1
FREIDA,1
FREIJA,1
FREYA DALTON,1
FREZNO,1
FRIDAYDAISY,1
FRIDLEY,1
FRIEDA,1
FRISCO,1
FRITO,1
FRITZY,1
FROSTIE,1
FROSTY,1
FROYD,1
FU BOY,1
FUDGE,1
FUZZY,1
FYNLI,1
FYNNLEY,1
G,1
G.G.,1
GADGET,1
GADSDEN,1
GAIUS,1
GALAXY,1
GALLIFRY,1
GANDA,1
GANDALF,1
GANON,1
GARA,1
GARRUS,1
GARY,1
GASKET,1
GATI,1
GATSBY ALEXANDER,1
GEDDY,1
GEGI,1
GELIEBTE,1
GEMA,1
GEMINI,1
GEMMY,1
GENEVA,1
GEODESY,1
GEOFF,1
GEORDIE,1
GEORGE WALTER,1
GEORGETTE,1
GERI,1
GERTY,1
GEWITTER,1
GHILLIE,1
GHOST EYE,1
GIACOMO,1
GIANNA,1
GIDEON,1
GIDGET ROSE,1
GIGANTE'S KARMA,1
GIGANTE'S TASMANIAN DEVIL,1
GIGGLES,1
GILBERT,1
GILLY,1
GINA,1
GINGER MIA,1
GINGER SNAP,1
GINZEE,1
GIOVANNA,1
GIRL,1
GIRLIE,1
GIRLY,1
GISELLE,1
GISMO,1
GIZZIE,1
GLADOS,1
GLADYZ,1
GLAMOUR,1
GLIZZY,1
GODDY,1
GOGI,1
GOGO,1
GOLDIE FLOPS,1
GOLDILOCKS,1
GOLIATH,1
GOMEZ,1
GOOBER,1
GOOEY,1
GOOGLE,1
GOOMBA,1
GOONEY BEAR,1
GORDIE HOWEL,1
GORDON,1
GORDY,1
GORGEOUS,1
GOROU,1
GOSHI,1
GOTI,1
GRACIE ANN,1
GRAELY,1
GRAHAM,1
GRAICELYN,1
GRANDPA,1
GRAYSON,1
GRAZA,1
GREASER,1
GRETA MAE,1
GRETTA,1
GRETZKY,1
GREY,1
GREYSON,1
GRIFF,1
GRIFFEY,1
GRIFFY,1
GRINGO,1
GRIZLEE,1
GRIZZER,1
GRIZZLIANA,1
GRIZZY,1
GROME 2,1
GROMMET,1
GROOT GALILEO,1
GROUCHO,1
GRUMPY,1
GRYFFINDOR,1
GUMBO,1
GUMPY,1
GUPPY,1
GUS GUS,1
GUS MEEKER,1
GUSTAF CORNELIUS,1
GUSTAV,1
GUY,1
GYSPSY,1
HABIBI,1
HADEZ,1
HAGEN,1
HAGRID,1
HAILY,1
HAKU,1
HAKUNA,1
HALLE,1
HAMILTON,1
HAMISH,1
HAMM,1
HAMMIE,1
HAMMOND,1
HAMMY,1
HANDSOME,1
HANDSOME BOB,1
HANG BOKYI,1
HANNIBAL,1
HANZO,1
HAPPY QUIRK,1
HARICK,1
HARLEE,1
HARLEY D,1
HARLIE,1
HARLO,1
HARMONY,1
HARP,1
HARRISON,1
HARU,1
HASHTAG,1
HATI,1
HATTI,1
HAVEN,1
HAVYN,1
HAYLE BERRY,1
HAZE,1
HAZEL ANN,1
HAZEL DOVE,1
HAZEL HAAS,1
HAZY AZ,1
HEFNER,1
HEIDIE,1
HEIMDALL,1
HEIRESS,1
HELEN,1
HELIOS,1
HELMUTH,1
HELO,1
HEMI,1
HENNI,1
HENNY,1
HERBERT,1
HERBIE,1
HERBO,1
HERKIMER,1
HERMAN,1
HERMES GROOT,1
HERO,1
HESS,1
HIGBEE,1
HIGGINS,1
HIGGS,1
HII,1
HILDEE,1
HIMMEL,1
HINA,1
HOAGEY,1
HOBBES,1
HOBBS,1
HOJI,1
HOKU,1
HOLLEY,1
HOLLYWOOD,1
HONEY B.,1
HONEY BEE,1
HONEY GIRL,1
HONEYSUCKLE,1
HONOR,1
HOOCH,1
HOODIE,1
HOODINI,1
HOOEY,1
HOOPER,1
HOOTIE,1
HOOVER,1
HORACE,1
HORIZON,1
HOSHI YO,1
HOSS,1
HOTROD,1
HOUDINI,1
HOUSTON,1
HOWARD,1
HOWDY,1
HUBERT,1
HUEHUE,1
HUEY,1
HUGO IV,1
HUGS,1
HUMPHREY,1
HUSKER,1
HUSTLE,1
HUSTLER,1
HUXLEY,1
HUZLEY,1
I LOVE YOU,1
IAN,1
ICARUS,1
ICE,1
ICEY,1
ICHIRO,1
ICIS,1
ICON,1
ICY,1
IDA,1
IDA BELLE,1
IGGY,1
IGOR,1
ILI,1
ILIAMNA,1
ILLA,1
INARA,1
INDEE,1
INDI,1
INDIANA BONES,1
INDICA,1
INGRID,1
INIGO,1
INKAX,1
INNOKO,1
IO,1
IRIE,1
IRMA,1
ISA,1
ISADORA,1
ISAIAH LUKE,1
ISIS ROBAR,1
ISLA,1
ISLAY CLOVER,1
ISOBELLA,1
ISU,1
ITCHY BROTHE,1
IVORY,1
IVY LULU,1
IVY ROSE,1
IYA,1
IZEE,1
IZZIE,1
IZZIEBELLA,1
JABARI,1
JABBER,1
JAC,1
JACE,1
JACK BANKS,1
JACK BURTON,1
JACK DANIEL,1
JACK JR,1
JACK R,1
JACK WATSON,1
JACKS,1
JACKSON 2.0,1
JACKSON JR,1
JACO O'LANTERN,1
JACOB,1
JACQUE,1
JACQUE MACT,1
JACQUES,1
JACY,1
JAE,1
JAG,1
JAGO,1
JAINA,1
JAJA,1
JAKOB,1
JALA,1
JAMESON,1
JAMIE,1
JAMIE BLU,1
JAMO,1
JANGO,1
JARVI,1
JASMIN,1
JASON,1
JAVI,1
JAXXSON,1
JAY JAY,1
JAYJAY,1
JAYZEE,1
JAZMINE,1
JAZZALYNN,1
JAZZIE,1
JAZZMIN,1
JD,1
JEANA,1
JEATER,1
JEBEDIAH,1
JEEP,1
JEFFREY,1
JELLIE BEAN,1
JELLYBEAN,1
JEMMA,1
JEN,1
JEN JEN,1
JENGA,1
JENI,1
JENNIE KIM,1
JEREMIAH,1
JERICHO,1
JERRY,1
JESSI,1
JESTER,1
JET,1
JETER,1
JETHROLL,1
JETTA,1
JEZABEL,1
JEZEBEL,1
JIJI,1
JILLY BEAN,1
JIMBO,1
JINGLE BELLA,1
JINGLES,1
JIP,1
JIRO,1
JOCKO,1
JODIEE,1
JOHANNES,1
JOHN RODGERS,1
JOHNATHAN,1
JOHNNY,1
JOHNSON,1
JOKI,1
JOLENE,1
JOLIE,1
JOLLY,1
JOLT,1
JONAS,1
JOON,1
JOPLIN,1
JORDAN,1
JORGE,1
JOSEPHINE,1
JOSI,1
JOUBERT,1
JOURNEY,1
JOVIE,1
JOYFUL,1
JR,1
JRU,1
JUBILEE,1
JUDAH,1
JUNAH,1
JUNE BUG,1
JUNEBUG,1
JUNGMI,1
JUNI,1
JUNIE,1
JUNIPER JEAN,1
JUSTICE,1
KABI,1
KACHINA,1
KADY,1
KAFKA,1
KAHLESSI,1
KAHLI,1
KAHN,1
KAHU,1
KAIDA,1
KAIJU,1
KAILE'A,1
KAIMANA,1
KAISHA,1
KAJI,1
KAJUN VOM GATOR LAND,1
KALADI,1
KA-LAWZZZ,1
KAL-EL,1
KALISSE,1
KALISTA,1
KALLIE ANN,1
KALLUCK,1
KALSANG,1
KAMIKAZE,1
KAMU,1
KANA,1
KANALAAQ,1
KANO,1
KANUTI,1
KANUTY,1
KANYE,1
KAOS,1
KARA ROMANOFF,1
KAREN,1
KARI,1
KASHA,1
KASILOF,1
KASKE,1
KASSEL,1
KASTI,1
KATAHDIN,1
KATARA,1
KATELYNN,1
KATSU,1
KATTIE,1
KATY BANKS,1
KATZY,1
KAVAS,1
KAVI,1
KAVIC,1
KAYAH,1
KAYCEE,1
KAYDEN,1
KAYLE,1
KAYMA,1
KAZA,1
KAZHNA,1
KD,1
KE$HA,1
KEANI,1
KEANU,1
KEELAN,1
KEELONI,1
KEENA,1
KEENAN,1
KEEPER,1
KEETA,1
KEETNA,1
KEEVA,1
KEIRA,1
KEISHA,1
KEKE,1
KEKO,1
KELBI,1
KELLER,1
KELSIE,1
KELTIE MAY,1
KENAI JOY,1
KENDALL,1
KENNA,1
KENNECOTT,1
KENNEDY,1
KENSEY,1
KENZI,1
KEPLER,1
KESHA,1
KET KET,1
KETEL,1
KEWPIE,1
KEYNE,1
KG,1
KHAILANI,1
KHAOS,1
KHERNEL,1
KHLOE,1
KHOLE,1
KHORA,1
KHRONOS,1
KIAORA,1
KIERRA,1
KILA,1
KILAVEA,1
KILEY,1
KILLEY,1
KILLUA,1
KILTER,1
KILTTI,1
KIMA,1
KIMANI,1
KIMBO,1
KIMCHI,1
KIMCHU,1
KIMMEY,1
KIMU,1
KINA,1
KINEO,1
KING BRAMAH,1
KING COLLINS,1
KING LOUIS,1
KING MAUI,1
KINGSLEY,1
KINLEE,1
KINNLEY,1
KINO,1
KINZA,1
KINZLEY,1
KION,1
KIPPER,1
KIROSS,1
KIRRA,1
KISHA,1
KISKA ROO,1
KISKI,1
KISSES,1
KIT,1
KITSI,1
KIVA,1
KIVI,1
KIYA,1
KIZZIE,1
KJ,1
KLARK,1
KLAUS,1
KLHOE,1
KLIM,1
KLUANE,1
KLYDE,1
KNIK,1
KNIKI,1
KNOCKDOWN,1
KNOX,1
KOALA,1
KOBI,1
KOBY,1
KOCHO,1
KODIE,1
KODOS,1
KODUH,1
KOFAC,1
KOHARU,1
KOHL,1
KOJO,1
KOKOA,1
KOKOMO,1
KOKONUT,1
KOKOPELI,1
KOLA,1
KOLBY,1
KOLYA,1
KOMMEN,1
KONA GIRL,1
KONA LEE,1
KONAI,1
KONDOR,1
KONG,1
KONO,1
KONRAD,1
KOOKIE,1
KOOSKA,1
KOPEC,1
KORA,1
KOSMO,1
KOTZEBUE,1
KOYUK,1
KOYUKUK,1
KOZMO,1
KRAKEN,1
KRAMER,1
KRAVEN,1
KREMA,1
KRIEGER,1
KRIXSPIN,1
KRUZ,1
KRYPTON,1
KRYSTAL,1
KUBEL,1
KUIPER,1
KUJII,1
KUJO,1
KUKINI,1
KUKULIQ,1
KULA,1
KULI,1
KUMU,1
KUNA,1
KUNU,1
KUPOH,1
KURO,1
KURO KNIGHT,1
KUSKA,1
KUSKO,1
KUVO,1
KVICHAK,1
KWIN,1
KYA,1
KYA ROSE,1
KYIA,1
KYLA,1
KYLA REN,1
KYNA,1
KYO,1
KYOKO,1
KYRIE,1
KYUUBI,1
LACI,1
LADD,1
LADDY,1
LADI,1
LADY MOLLY,1
LADY PEDACITO,1
LAINEY,1
LAKYN,1
LALANI,1
LAMBEAU,1
LANCE,1
LANCER,1
LANDO,1
LAPHROAIG,1
LAPUA,1
LARSEN,1
LASKA,1
LATE GLAICER,1
LATKE,1
LATTE,1
LAURA,1
LAUREL,1
LAVA,1
LAXUS,1
LAYAH,1
LAYCEE,1
LAYLEE,1
LD GUINEVERE,1
LEELAH,1
LEELO,1
LEELOO,1
LEESI,1
LEFFE,1
LEFTY,1
LEGACY,1
LEGOLAS,1
LEICA,1
LEILANI,1
LEISHA LUCY,1
LEIVA,1
LELU,1
LEMON,1
LEMUR,1
LENA BEAR,1
LENNIE,1
LEONA (LEO),1
LEONARD,1
LEONARDO,1
LEONIDAS,1
LEOPOLD,1
LEROY BROWN,1
LEVANNA,1
LEW,1
LEWIE,1
LEWLEW,1
LEWWI,1
LEX,1
LEXE,1
LEXI ANN,1
LEXUS,1
LEXY,1
LEYLA,1
LIAKA,1
LICORICE,1
LIEBE,1
LIGHTNING,1
LIJHA,1
LIL BEAN,1
LIL BIT,1
LIL DOOKIE,1
LIL EWOK,1
LIL LARRY,1
LIL MOMMA,1
LILA BLUEBEL,1
LILAE,1
LILBIT,1
LILEE,1
LILIE,1
LILIKOI,1
LILLETH,1
LILLIE,1
LILLITH,1
LILOU,1
LILY MAE,1
LILY RAE,1
LILY SUE,1
LINDSEY,1
LINDY,1
LINK,1
LINQ,1
LIRA,1
LIT'L BLUE,1
LITTLE BEANS,1
LITTLE BIT,1
LITTLE BOY,1
LITTLE BUDDY,1
LITTLE BUG,1
LITTLE DOG,1
LITTLE FOOT,1
LITTLE GIRL,1
LITTLE GUY,1
LITTLE LADY,1
LITTLEFOOT,1
LOAF,1
LOCA,1
LOCO,1
LOKEY,1
LOLLIPOP,1
LOLLY,1
LOLLY POP,1
LOLO,1
LONDON,1
LONO,1
LOOTKA,1
LORD MALIA,1
LORD MARSHAL,1
LOTTI,1
LOTTIE,1
LOU DOG,1
LOUIE B,1
LOUIS FRAZIE,1
LOVELY,1
LOVEY,1
LOWKEY,1
LT. DAN,1
LU,1
LUCIA,1
LUCIANO,1
LUCKY DAY,1
LUCY LU,1
LUFFY,1
LUGH,1
LUGO,1
LUIGI,1
LUIS,1
LUKAS,1
LUKE RHEAULT,1
LUKE SKYWALK,1
LUKI,1
LUKKA,1
LULA,1
LULABELL,1
LULU BELL,1
LULU BELLE,1
LUMIERE,1
LUNA OLIVA,1
LUNA STICKS,1
LUNA WOOFGAN,1
LUNA-AUTUMN K,1
LUNABELLA,1
LUNAR,1
LUNDY,1
LUPA,1
LUTHIEN,1
LUXOR,1
LYCOS,1
LYDIA,1
LYKA,1
LYKO,1
LYKOS,1
LYLO,1
LYNCH,1
MABELINE,1
MABLE,1
MAC TAVISH,1
MACDUFF,1
MACE WINDU,1
MACEO,1
MACEY,1
MACHLEMERE,1
MACIE,1
MACKELMOR,1
MADAME CURIE,1
MADCHEN,1
MADDROX,1
MADI,1
MAE MAE,1
MAEBY,1
MAEVE,1
MAGIC,1
MAGNETO,1
MAGNUS,1
MAHLI,1
MAIA,1
MAILE,1
MAILI,1
MAIZEY,1
MAIZEY BLUE,1
MAIZIE,1
MAIZY,1
MAJ TOM,1
MAJI,1
MAKARORA,1
MAKENIZE,1
MAKENZIE,1
MAKO,1
MAKS,1
MALEKITE,1
MALI,1
MALLA,1
MALLIE,1
MALO,1
MALORY,1
MALUS,1
MAMA HOSS,1
MAMACITA,1
MAMBA,1
MAMBO,1
MANA,1
MANDELA,1
MANNING,1
MANTRA,1
MANU,1
MARA,1
MARCELINE,1
MARCY,1
MARGEAUX,1
MARGIE,1
MARIA,1
MARIGOLD,1
MARISHKA,1
MARLA,1
MARSHMALLOW,1
MARSHMELLO,1
MARSY,1
MARTHA W.,1
MARTI,1
MARVEL,1
MARVIN,1
MARY JO,1
MARY NATION,1
MARYJANE,1
MASIE,1
MASTER SPLINTER,1
MATATA,1
MATTHEWMATT,1
MATTI,1
MATTIE,1
MAURICE,1
MAUSER,1
MAUSI,1
MAVIS,1
MAX LEDESMA,1
MAX LEE,1
MAXIMILLIAN,1
MAXIMUSMAX,1
MAXINE,1
MAYBE,1
MAYNARD,1
MAYSIN,1
MAZE,1
MAZEL POM,1
MAZUL,1
MAZZOLINI,1
MCCOVEY,1
MCCOY,1
MCGEE,1
MCGYVER,1
MCKENZIE,1
MCLOVIN,1
MEATBALL,1
MECHO 2,1
MEDUSA,1
MEEKAH,1
MEEPERZ,1
MEG,1
MEGGY,1
MEIKO,1
MEIRA,1
MEL,1
MELAH,1
MELISSA,1
MELKO,1
MELO,1
MELVIN,1
MENDY,1
MEOKI,1
MERICA,1
MERLOT,1
MERRI,1
MERRY,1
MERU,1
MESSI,1
MIA BELLA,1
MICKCHOI,1
MICKY,1
MIDAS,1
MIDGE,1
MIDORI,1
MIK,1
MIKEE,1
MILIAN,1
MILLER,1
MILLI,1
MILLION,1
MILLY,1
MILTON,1
MIMMY,1
MIMOSA,1
MIMZE,1
MINERVA,1
MING,1
MINION,1
MINKA,1
MINNIE BELLE,1
MINNIE MOUSE,1
MINX,1
MIRACLE,1
MIRA-STAR,1
MISCATTO,1
MISCHA,1
MISCHIEF,1
MISEK,1
MISHAA,1
MISS LADY,1
MISS MAZEY,1
MISS PIGGY,1
MISTER GREENE,1
MISTEY J,1
MITAH,1
MITCH,1
MITTENS,1
MITTIE,1
MITZI,1
MIXIE,1
MIYAH,1
MIZUKI,1
MLO,1
MO,1
MOA,1
MOAB,1
MOANA,1
MOANA LANI,1
MOCA,1
MOCCA,1
MOCKEY,1
MOKA,1
MOLLEE,1
MOLLI,1
MOLLY MAY,1
MOLLY MCKAY,1
MOLLY MOP,1
MONTANA,1
MOOJI,1
MOOKIE,1
MOOMOO,1
MOONIES,1
MOONLIGHT,1
MOONSHINE,1
MOOSHKA,1
MOOSHU,1
MOOSYA,1
MORA,1
MORDU,1
MOREMI,1
MOSA,1
MOSELY,1
MOSLEY,1
MOTLEY CRUE,1
MOTTLEE,1
MOUSSE,1
MOWGLY,1
MOZZIE,1
MR CROWLEY,1
MR DARCY,1
MR FLUFFY,1
MR GREEN,1
MR WUFF,1
MR. B,1
MR. BELL,1
MR. BOJANGLES,1
MR. BUGS,1
MR. MAN,1
MR.B,1
MR.T,1
MRS.FROSTINE,1
MRYSKY,1
MUAH,1
MUDFLAP,1
MUDGE,1
MUESLI,1
MUG,1
MUGGLES,1
MUGSY,1
MULUMULU,1
MUMFORD,1
MUPPA,1
MURFY,1
MURPH,1
MUSCOTO,1
MUSHU,1
MUSTI,1
MUTIG,1
MUTTLEY FORD,1
MUZZLE,1
MYA DAVILA,1
MYKA,1
MYKAH,1
MYKO,1
MYLES,1
MYLIE,1
MYSHKA,1
NAGA,1
NAHLA,1
NAHNI,1
NAKITA,1
NALA LILY,1
NALA SKY,1
NALAH,1
NALI,1
NALLIE,1
NALO,1
NAMASTE,1
NANJIRO,1
NANTAHALA,1
NANUK,1
NAPILI,1
NARA,1
NATASHA,1
NATHLIE,1
NATSU,1
NAVEYAH,1
NAZ,1
NDIZI,1
NEAH,1
NEBULA,1
NECA,1
NECROMANCER,1
NECTAR,1
NED,1
NEEKA,1
NEELY,1
NEENA,1
NEFERTITI,1
NE-ILA,1
NELA,1
NELLI,1
NELLIE-JUAN,1
NELSON,1
NEMO,1
NENA,1
NEO NEELEY,1
NEPTUNE,1
NERO,1
NERRE,1
NEVA,1
NEVE,1
NEVIS,1
NEW DOG,1
NEWT,1
NEWT ANN,1
NEYMIRA,1
NIAH,1
NIBBLER,1
NIBBLES,1
NIDA,1
NIEVE,1
NIFTY,1
NIGEL,1
NIGHTLOCK,1
NIGW,1
NIKAULS,1
NIKKO,1
NILA,1
NILCHIK,1
NILES,1
NILLA,1
NILLA VANILL,1
NILLY,1
NIMIERIA,1
NINE,1
NINER,1
NINO BLACK,1
NIPSEY,1
NISKA,1
NIZINA,1
NOA,1
NOBI,1
NOHEA,1
NOLA,1
NOMAR,1
NOOR,1
NOOTKA,1
NORBU CHIMPA,1
NORDY,1
NORM,1
NORMA,1
NORMAN MOP,1
NORTH,1
NOS,1
NOSSI,1
NOUGATHY,1
NOVA JEANNE,1
NUBBY,1
NUNATAK,1
NUNO,1
NUNU,1
NUPTSE,1
NUSHKA,1
NUSKA,1
NUTMEG,1
NYAH,1
NYM,1
NYMERIA,1
NYSSA,1
NYXIE,1
OAKIE,1
OBELIX,1
OBERON,1
OBI WAN,1
OCHO,1
OCTAVIA,1
OCTAVIUS,1
ODIE BRYCE,1
ODO,1
ODYSSEUS,1
OENGUS,1
OGUN,1
OH BOY,1
OHTLI,1
OKOYE,1
OLD PULTENEY,1
OLIN,1
OLIVANDER,1
OLIVER CHAOS,1
OLIVER FENWA,1
OLIVR,1
OLLIE BLAZE,1
OLLIVER,1
OLLVEE,1
OLSEN,1
OLYMPUS,1
O'MALLEY,1
OMEGA,1
OMIE,1
OMLETTE,1
ONA,1
ONNI,1
OOFTA,1
OOGIE,1
OOMI,1
OOSHKA,1
OPIE COSBY,1
OPTIMUS,1
OREO PUP,1
ORIE,1
ORKA,1
ORPHIE,1
ORSA,1
ORZO,1
OSA,1
OSCAR MEYER WEINER DOG,1
OSLO,1
OSWIN,1
OUTLAW,1
OWEN WAFFLES,1
OX,1
OXFORD,1
PABST,1
PACHA,1
PACINO,1
PACKER,1
PADAMAE,1
PAGE,1
PAI,1
PAINT,1
PAISELY,1
PAISLY,1
PALEO,1
PALIN,1
PALOMA,1
PAM,1
PANGUIS,1
PANTERA,1
PANZER,1
PAPAYA,1
PAPI DOGG,1
PASHKA,1
PATIENCE,1
PATTON,1
PAUL,1
PAVEL,1
PAWLY,1
PAWS,1
PAXIL,1
PAYTON,1
PEARL SHEMYA,1
PEBBLE,1
PEDEY,1
PEDRO,1
PEEBODY,1
PEG,1
PEN,1
PENGO,1
PENGUIN,1
PENNIE LANG,1
PENNY ROSE,1
PEPE,1
PEPE LE PEAU,1
PEPPA,1
PERCEUS,1
PERFECT,1
PERIWINKLE,1
PESKY,1
PESO,1
PESTO,1
PETER PAN,1
PETRIE,1
PHACKUPPIE,1
PHAEDRA,1
PHANTOM,1
PHAROAH,1
PHAROHH,1
PHARRO,1
PHATTY,1
PHEOBE,1
PHIDO,1
PHILO,1
PHINEAS,1
PHINNEAS,1
PHOTON,1
PHU BHU,1
PIERRE,1
PIG,1
PIGLET,1
PIIN BEAN,1
PIKACHU,1
PIKE,1
PILGRIM,1
PINATA,1
PING,1
PINK,1
PIP,1
PIPELINE,1
PIPER DEE,1
PIPI,1
PISSANT,1
PISTEN,1
PIXI,1
PJ,1
PLACER,1
PLACIDO,1
PO,1
POGE,1
POGO,1
POIKA,1
POIROT,1
POKDOL,1
POKI,1
POLA,1
POLARBEAR,1
PONGO,1
POOCH,1
POO-CHIE,1
POOH BEAR,1
POOKA,1
POOPSIE,1
POPCORN,1
POPPER,1
POPPI,1
POPPINS,1
POPPY JO,1
POPPY LUU,1
POPPY MAY,1
PORCHIE,1
PORKY,1
PORTHOS,1
POSSUM,1
POTATO,1
PRADA,1
PREQUE,1
PRICE,1
PRIM ROSE,1
PRINCE  DIN,1
PRINCES,1
PRINCESA,1
PRINCESS DELILAH,1
PRINCESS JR,1
PRINCESS LEIA,1
PRINCESS WAF,1
PRINGLES,1
PROMETHEUS,1
PROPHET,1
PROSPECT,1
PROTAG,1
PSYCH,1
PUDDING,1
PUERQUITO,1
PUFF,1
PUFFIN,1
PUG,1
PUGGY SUE,1
PUK PUY,1
PUKU,1
PUKUK,1
PUMBA,1
PUNGUIS,1
PUNKY,1
PUNZI,1
PUPAS,1
PUPPET,1
PUPPY PRECIOUS,1
PUPPY/TACO,1
PURDEY,1
PURDY,1
PUZZLES,1
PY,1
PYPER,1
QI,1
QINU,1
QP,1
QUARTZ,1
QUE,1
QUOKKA,1
QUPAAK,1
R-2,1
RA,1
RACHEL,1
RACLETTE,1
RADAGAST,1
RADAR,1
RAE V'N,1
RAFIKI,1
RAGHAR,1
RAINBOW,1
RAINFLY,1
RAINIE,1
RAINIER,1
RAINY,1
RAISA,1
RAIVO,1
RAJ,1
RALPH,1
RAMON,1
RAMPAGE,1
RAMSAY,1
RANDA,1
RANDY,1
RANGER JONES,1
RANGER SEGUNDO,1
RANGO,1
RANSON,1
RASPBERRY,1
RASPUTIN,1
RASTA,1
RAVIN,1
RAWHIDES SCOUT,1
RAWLY,1
RAYANN,1
RAYLAN,1
RAYNI,1
RAYNIE,1
RAYNIE MAE,1
RAYVEN,1
RAZ,1
RAZOR,1
RAZZLE,1
RD,1
READY,1
REAPER,1
REAVER,1
REBA,1
REBE,1
RECOIL,1
RED DOG,1
REDD,1
REDDI,1
REECE,1
REECESS,1
REEREE,1
REESA,1
REGINA,1
REIGN,1
REILLY,1
RELLA,1
REMI ALI,1
REMI BASIL,1
REMINGTON STEEL,1
REMMINGTON,1
REMUS,1
REN,1
RENA,1
RENFIELD,1
RENI,1
RENNY,1
RENO,1
RENO GREENE,1
RENO LLOYD,1
REO,1
REPLAY,1
REPTAR,1
RESER,1
REUBEN,1
REV,1
REVOLVER,1
REXI,1
REYES,1
REYNA,1
RHAEGAL,1
RHODY,1
RHYLLEE,1
RIAIRONAIRE,1
RICCO,1
RICHARD,1
RICHIE,1
RICK,1
RICK JAMES,1
RICKEY,1
RICKI LEE,1
RICKTOR,1
RICO SUAVE,1
RIDDLE,1
RIDER,1
RIED,1
RIFLE,1
RIGBY,1
RIGGO,1
RIGGS,1
RIGLEY,1
RIKU,1
RILEE,1
RILEY HOOD,1
RIMMY,1
RINCON,1
RINGO III,1
RINGO STAR,1
RIP,1
RIVA,1
RIVAK,1
RIVEN,1
RIVERS,1
RIVET,1
RIZLEY,1
RJ SHILO,1
ROARK,1
ROBBER,1
ROBBIE JR,1
ROCC,1
ROCKET E,1
ROCKETMAN,1
ROCKSTAR,1
ROCKY BLUE,1
ROCKY ROAD,1
RODEO,1
RODNEY,1
ROHN,1
ROKI,1
ROLAND,1
ROLLIE,1
ROLLO,1
ROMANY BROWN,1
ROMMEL,1
ROMNEY,1
RONAN,1
RONDY,1
RONNIE,1
RONNON,1
ROOKIE,1
ROONEY,1
ROOSTER,1
RORI,1
RORY,1
ROSA,1
ROSE SANTANA,1
ROSEE,1
ROSHE,1
ROSSI,1
ROSY,1
ROUGE,1
ROULETTE,1
ROUSSEAU,1
ROVX,1
ROWAN,1
ROWDEY,1
ROXXY,1
RRARI,1
RUBEN,1
RUBERT,1
RUBIO,1
RUBY DELICOU,1
RUBY ROSE,1
RUCK,1
RUCKEE,1
RUCKUS,1
RUCKUS ATTICUS,1
RUDDER,1
RUDI,1
RUDY BEAN,1
RUEGER,1
RUFFY,1
RUGAR,1
RUMBLE,1
RUMO,1
RUMOR,1
RUNE,1
RUNNING BEAR,1
RUPA DALTON,1
RUPAL,1
RUSSEL,1
RUSSELL,1
RUSSIA,1
RUSTY WALLACE,1
RUTH,1
RUTHIE,1
RYA JAYNE,1
RYAN,1
RYLAN,1
RYLIE,1
RYUK,1
RYUU,1
RYZO,1
RZR,1
SABBATH,1
SABINE,1
SABOO,1
SABOT,1
SADIE 1,1
SADIE MAE,1
SADIE RENEE,1
SADIE RUTH,1
SAELEE,1
SAFFRON,1
SAIDAH,1
SAKO,1
SAL,1
SALA,1
SALTY,1
SAM ELLIOTT,1
SAME,1
SAMMI,1
SAMURI JACK,1
SAMUS,1
SAMY,1
SANAK,1
SANCHA,1
SANCHO,1
SANDI,1
SANSA,1
SANTO,1
SAP,1
SAPPER,1
SAPPHIRE,1
SARA,1
SARA Z,1
SARABAO,1
SARGENT,1
SASCHA,1
SASKIA,1
SATCHEL,1
SATO,1
SAVANNAH,1
SAVVY,1
SAWYER,1
SAYAH,1
SCAMPER,1
SCARFACE,1
SCHATZIE,1
SCHOONER,1
SCHOTT,1
SCHRAIDER,1
SCHUBERT,1
SCHWARZ,1
SCOOBY DOO,1
SCOTTIE PIPPIN,1
SCOTTY JON,1
SCRAPS,1
SEABRO,1
SEAN,1
SEBASTION,1
SEBEAL,1
SEDONA,1
SEDONA PIP,1
SEELEY,1
SEGA,1
SEGOTIA,1
SELINA,1
SELKIE,1
SELWYNN,1
SENECA,1
SENTRY,1
SEQUAIA,1
SEQUOIA,1
SEREC,1
SERENITY,1
SERGEANT PEPPER,1
SERGENT HOT POCKET,1
SERVET,1
SETH,1
SEVEN,1
SEXY,1
SHADOW`,1
SHAGGY,1
SHAHARA,1
SHAKE-N-BAKE,1
SHAKERS,1
SHALE,1
SHANE,1
SHANELL,1
SHANNON,1
SHANOOK,1
SHARKEY,1
SHAWNI,1
SHAY,1
SHAYERA,1
SHAYLA,1
SHEA,1
SHE-BEAR,1
SHEERA,1
SHELBI,1
SHELL,1
SHELTON,1
SHENZI,1
SHEP,1
SHEPHERD,1
SHERIFF,1
SHERPA,1
SHIELA,1
SHINE,1
SHINER,1
SHIPPO,1
SHIRA,1
SHIVA,1
SHOFAR,1
SHOGUN,1
SHOOTER,1
SHREDDER,1
SHRIMP,1
SHUFTI,1
SHUGLAH,1
SHUKSAN,1
SHYANNE,1
SHYTIA,1
SIBYLLA,1
SIENNA,1
SIF,1
SIG,1
SIGUR,1
SIGURD,1
SILAS,1
SILKIE,1
SILKY,1
SIMCOE,1
SIMKA,1
SIMO,1
SIMON PETER,1
SIMONE,1
SINEW,1
SINO,1
SIR DINKY,1
SIR FRANCIS,1
SIR TIGGOR LEE,1
SIRIUS,1
SISTER,1
SITA,1
SITKA ROSE,1
SITO,1
SKAÐI,1
SKEETER,1
SKEETER JONES,1
SKEETERBUG,1
SKEEZ,1
SKIDOO,1
SKIFF,1
SKILAK,1
SKILLET,1
SKIP,1
SKIPPY BAROO,1
SKITTLE,1
SKOOGA,1
SKYWHY,1
SLADE,1
SLIPPERS,1
SLOOPY,1
SLUICEBOX,1
SMITH,1
SMOOCH,1
SMUDGE,1
SMUDGES,1
SNAPPLE,1
SNIK,1
SNOOKI,1
SNOOKIE,1
SNOOP DOG,1
SNORT,1
SNOW BALL,1
SNUGGLES,1
SODA,1
SOL,1
SOLE,1
SOLEIL,1
SOLI,1
SOLSTICE,1
SONIC,1
SOOT,1
SOPHIE BELLE,1
SOQUETE,1
SORAYA,1
SORSHA,1
SPARKS,1
SPARLEY,1
SPARTACUS POSEIDON,1
SPARTICA,1
SPAZZ,1
SPECK,1
SPEEDO,1
SPIDER,1
SPITE,1
SPITFIRE,1
SPLASH,1
SPOOKY,1
SPOONS,1
SPOTTIN,1
SPRIG,1
SPRING,1
SPRITZEN,1
SPRUCE,1
SPRYTE,1
SPUD BUDDY,1
SPUDS,1
SQUALL,1
SQUEEGEE,1
SQUID,1
SQUISH,1
STANLEY CHEESEBURGER,1
STAR CHILD,1
STARBRIGHT,1
STARBUCK,1
STARFIRE,1
STARLIGHT,1
STARLING,1
STARR,1
STASH,1
STEAK,1
STEIN,1
STELLA ROSE,1
STEWART,1
STINKY,1
STOFFLE,1
STORI,1
STUART,1
STUBBS,1
STUNNER,1
SUBIE,1
SUDA,1
SUE-SUE,1
SUGA,1
SUGAR BEAR,1
SUGAR BELL,1
SUGAR RAY,1
SUGAR-B,1
SUGAR-BABE,1
SUGARFOOT,1
SUGI,1
SULA,1
SULU,1
SUMITT,1
SUMO,1
SUNFLOWER,1
SUNNY SOLSTICE,1
SUPER DAVE,1
SUR,1
SURLY,1
SURRI,1
SURVIVOR,1
SUSHI,1
SUUGI,1
SUVA,1
SUZI,1
SUZY Q,1
SUZY-Q,1
SUZZY,1
SWEET CHEEKS,1
SWEETIE PIE,1
SWEETNESS,1
SWEETUMS,1
SWEETY PIE,1
SWISHER,1
SWIVEL,1
SWIVEL SHOT,1
SWIX,1
SYL,1
SYLVIA ROSE,1
SYLVIO,1
SYMBA,1
TACKLA,1
TADI,1
TAFITI,1
TAI-CHO,1
TAIMI,1
TAJ,1
TAKESHI,1
TALA,1
TALES,1
TALIA,1
TALLEY,1
TALLIE,1
TALLY,1
TAMA,1
TAMI,1
TAMMY,1
TAMSIN,1
TANDY,1
TANGO,1
TANJI,1
TANKIE,1
TANNA,1
TAR,1
TARI,1
TARLY,1
TARO,1
TAROKO,1
TAS,1
TASER,1
TASHA-BELLE,1
TASMAN,1
TASMIN,1
TASSIE,1
TATE,1
TATER,1
TATER TOTT,1
TATIA,1
TAWNY,1
TAZER,1
TAZZIE,1
TCHALLA,1
TEACUP/AIKO,1
TEAK,1
TEAL,1
TEBEAU,1
TEBOW,1
TECKLA,1
TEE,1
TEEKA,1
TEEKO,1
TEETER,1
TEFAP,1
TEGAN,1
TEIGA,1
TELLOW,1
TEMBA,1
TEMPRA,1
TEPHRA,1
TEQA,1
TEQUILA,1
TERA,1
TERRA,1
TERRAMISU,1
TERRANCE,1
TERRY,1
TESSER,1
TESSIE,1
TETSUO,1
THABO,1
THEA,1
THEIA,1
THELMA,1
THEODORE,1
THEODRE,1
THOMPSON,1
THORA,1
THOVEN,1
THRASHER,1
THULE,1
TIBBY,1
TIBERIUS,1
TICKLE,1
TIENE,1
TIFFANY,1
TIGRESS,1
TIKAANI RIVER,1
TIKI,1
TIKVA,1
TIMBO,1
TIMBRE,1
TIMOTHY,1
TINDEN,1
TINDY,1
TINGTING,1
TINKER,1
TINKER BELLE,1
TINKERBELLE,1
TIPPER,1
TISA,1
TISHKA,1
TN,1
TOAD,1
TOAST,1
TOASTIE,1
TOBBY,1
TOBI,1
TOBIAH,1
TOBIE,1
TOBIKO,1
TOBIT,1
TOBLERONE,1
TOFFEN,1
TOFU,1
TOGIAK,1
TOIVO,1
TOJI,1
TOKA,1
TOKEN,1
TOKKI,1
TOKLAT,1
TOLMIN,1
T-ONE,1
TONKS,1
TOO TOO,1
TOOLIK,1
TOOTIE,1
TOOZI,1
TOPA,1
TOPPER,1
TOR,1
TORA,1
TORDEN,1
TORONTO,1
TORQUE,1
TOTO,1
TOURQUE,1
TOVE,1
TOVIA,1
TOWELIE,1
TOWZER,1
TRANGO,1
TRAPPER JACK,1
TRAVELER,1
TRAVIS,1
TRAY BEAST,1
TREASURE,1
TREK,1
TRINA,1
TRINITY,1
TRIP,1
TRISCUIT,1
TRIXI,1
TRIXX,1
TRON,1
TROUPER,1
TROY,1
TRUCK,1
TRUCKER,1
TRULIK,1
TRUMAN,1
TRYGG,1
TSUGA,1
TSUNAMI,1
TSUNE,1
TUA,1
TUCKEE,1
TUCO,1
TUCSON,1
TUGARUS,1
TUKO,1
TULO,1
TUMAN,1
TUNA,1
TUNDRA JADE,1
TUNK,1
TURKISH,1
TUSO,1
TUT,1
TUTU,1
TUUKA,1
TUULI,1
TUXEDO,1
TUYUK,1
TWEEX,1
TWIG,1
TWINK,1
TWINKIE,1
TWINKY,1
TWIX,1
TYBEARIOUS,1
TYBEARIUS,1
TYE,1
TYNIN,1
TYRONE,1
UKIE,1
UKKO,1
UKSUQ,1
ULLR,1
ULU,1
UMI,1
UNA,1
UNKNOWN,1
UNO,1
UNUK,1
URSA,1
URSULA,1
USD,1
USHER,1
VAIDA,1
VALENTINO,1
VALLEY,1
VALLOR,1
VAN,1
VANN,1
VANZ,1
VAYNE,1
VEGAS GREENE,1
VELLA,1
VELMA,1
VENOM,1
VENTA GUMS,1
VERDELLE,1
VERONA,1
VERSACE,1
VERSACE CHAC,1
VEX,1
VICTOR,1
VIDA,1
VIDA LOCA,1
VINCENZO,1
VIOLA,1
VITO,1
VIVA,1
VIVIAN,1
VIXEN,1
VIXIE,1
VLAD,1
VLYKRIE,1
VUDU,1
WALDO,1
WALDO V,1
WALKER,1
WALLA,1
WALLACE,1
WANDA,1
WARSHACK,1
WASHBURN,1
WAWA,1
WEASEL,1
WEBLEY,1
WEEGEE,1
WEEGO,1
WEENA,1
WEENIE,1
WELLINGTON,1
WENDY,1
WENJI,1
WENTWORTH,1
WERNHER,1
WESTON,1
WHEELER,1
WHEEZY,1
WHIDBEY,1
WHISKEY GIRL,1
WHITEY,1
WIGEON,1
WILE E,1
WILE-E,1
WILLARD,1
WILLIAM,1
WILLIAM WALLACE,1
WILLOUGHBY,1
WILLOW BLUEY,1
WINDE,1
WINIFRED,1
WINNER,1
WINRY,1
WINSTON CHUR,1
WINSTON II,1
WOJO,1
WONTON,1
WOODDY,1
WOOKIE,1
WOPPER,1
WRANGLE,1
WULA,1
WYNN,1
WYNNIE,1
WYNTER,1
XANADY,1
XENO,1
XION,1
XOODZI,1
XUN,1
YAGER,1
YANG,1
YARROW,1
YATTA,1
YETTA,1
YIN,1
YIPPEE,1
YKSI,1
YOKUL,1
YOLO,1
YONA,1
YOUBE,1
YUJI,1
YUKA,1
YUKON CORNELIUS FUDGE,1
YUMA,1
YUNA,1
YUNI,1
YUTI,1
YUUKO,1
YZMA,1
ZAC,1
ZACH,1
ZADER,1
ZADIE,1
ZAHA,1
ZAKLEE,1
ZAMBONI ON ICE,1
ZANDER DUKE,1
ZANE,1
ZARAH,1
ZAYCA,1
ZAZEE,1
ZEEVAH,1
ZEISS,1
ZELL,1
ZELLA,1
ZEPHYR,1
ZEPPY,1
ZEST,1
ZETA,1
ZEVEN ATHENA,1
ZHU,1
ZIGGABELLE,1
ZIGGS,1
ZIGGY STARDU,1
ZILLA,1
ZILOH,1
ZION LYNN,1
ZIPPO,1
ZIRCOM,1
ZIVA RANAE,1
ZIZU,1
ZOD,1
ZODIAK,1
ZOEY DAISY,1
ZOEY LYNN,1
ZOIE,1
ZONA,1
Z-ONE,1
ZOOMIE,1
ZORBA,1
ZORRA,1
ZOTTER,1
ZOYA,1
ZUES,1
ZUILA,1
ZUKI DOINA,1
ZULA,1
ZULY,1
ZUMA,1
ZUNNY,1
ZURI,1
ZUZU,1
